{"cameraMode":{"drawMode":0,"name":"Shaded","section":"Shading Mode"},"sceneLighting":false,"audioPlay":false,"sceneViewState":{"showFog":false,"showMaterialUpdate":false,"showSkybox":false,"showFlares":false,"showImageEffects":false,"showParticleSystems":false},"in2DMode":false,"pivot":{"x":0.002379734069108963,"y":0.49264591932296755,"z":-0.09584641456604004},"rotation":{"x":-0.004826584365218878,"y":-0.9666534066200256,"z":0.25540146231651308,"w":-0.018264994025230409},"size":0.8411786556243897,"orthographic":false}