{"cameraMode":{"drawMode":0,"name":"Shaded","section":"Shading Mode"},"sceneLighting":false,"audioPlay":false,"sceneViewState":{"showFog":false,"showMaterialUpdate":false,"showSkybox":false,"showFlares":false,"showImageEffects":false,"showParticleSystems":false},"in2DMode":false,"pivot":{"x":1.1473889350891114,"y":1.375917911529541,"z":1.430323600769043},"rotation":{"x":-0.13940998911857606,"y":0.8513732552528381,"z":-0.283374160528183,"w":-0.41884610056877139},"size":0.8089479804039002,"orthographic":false}