{"cameraMode":{"drawMode":0,"name":"Shaded","section":"Shading Mode"},"sceneLighting":false,"audioPlay":false,"sceneViewState":{"showFog":false,"showMaterialUpdate":false,"showSkybox":false,"showFlares":false,"showImageEffects":false,"showParticleSystems":false},"in2DMode":false,"pivot":{"x":0.8611369132995606,"y":-0.0342259407043457,"z":-0.013074994087219239},"rotation":{"x":0.12335018813610077,"y":-0.8715763092041016,"z":0.281411349773407,"w":0.3820383548736572},"size":2.6411783695220949,"orthographic":false}