{"cameraMode":{"drawMode":0,"name":"Shaded","section":"Shading Mode"},"sceneLighting":false,"audioPlay":false,"sceneViewState":{"showFog":true,"showMaterialUpdate":false,"showSkybox":false,"showFlares":true,"showImageEffects":true,"showParticleSystems":true},"in2DMode":false,"pivot":{"x":-2.4256725311279299,"y":0.09348487854003906,"z":9.456093788146973},"rotation":{"x":-0.049641646444797519,"y":0.9500871300697327,"z":-0.20579318702220918,"w":-0.22918091714382173},"size":27.095561981201173,"orthographic":false}