{"cameraMode":{"drawMode":0,"name":"Shaded","section":"Shading Mode"},"sceneLighting":true,"audioPlay":false,"sceneViewState":{"showFog":true,"showMaterialUpdate":false,"showSkybox":true,"showFlares":true,"showImageEffects":true,"showParticleSystems":true},"in2DMode":false,"pivot":{"x":-1.1982755661010743,"y":-3.1802892684936525,"z":-8.05348014831543},"rotation":{"x":-0.008580387569963932,"y":0.9777397513389587,"z":-0.20564910769462586,"w":-0.040794502943754199},"size":6.195061206817627,"orthographic":false}