{"cameraMode":{"drawMode":0,"name":"Shaded","section":"Shading Mode"},"sceneLighting":true,"audioPlay":false,"sceneViewState":{"showFog":false,"showMaterialUpdate":false,"showSkybox":false,"showFlares":false,"showImageEffects":false,"showParticleSystems":false},"in2DMode":false,"pivot":{"x":-11.641447067260743,"y":1.46701979637146,"z":-0.7653909921646118},"rotation":{"x":-0.3982452154159546,"y":-0.028339950367808343,"z":0.012310616672039032,"w":-0.9167605638504028},"size":4.995746612548828,"orthographic":false}