{"cameraMode":{"drawMode":0,"name":"Shaded","section":"Shading Mode"},"sceneLighting":true,"audioPlay":false,"sceneViewState":{"showFog":true,"showMaterialUpdate":true,"showSkybox":true,"showFlares":true,"showImageEffects":true,"showParticleSystems":true},"in2DMode":false,"pivot":{"x":0.8608016967773438,"y":2.146092414855957,"z":-11.250500679016114},"rotation":{"x":-0.07702843844890595,"y":0.902359127998352,"z":-0.1813298463821411,"w":-0.3833197057247162},"size":10.0,"orthographic":false}